[
  {
    "user_name": "steve123",
    "name": "Chris Evans",
    "balance": 65,
    "items": [
      {
        "id": 38,
        "name": "Mindstone - The rarest stone on earth",
        "price": 90
      }
    ]
  },
  {
    "user_name": "thevision",
    "name": "Paul Bettany",
    "balance": 70,
    "items": [
      {
        "id": 7,
        "name": "Jarvis - A sophisticated AI",
        "price": 120
      }
    ]
  },
  {
    "user_name": "antpaul",
    "name": "Paul Rudd",
    "balance": 100,
    "items": []
  },
  {
    "user_name": "iamironman",
    "name": "Robert Downey Jr.",
    "balance": 220,
    "items": [
      {
        "id": 0,
        "name": "Mark XLIV - Hulkbuster",
        "price": 80
      }
    ]
  },
  {
    "user_name": "noobmaster69",
    "name": "Chris Hemsworth",
    "balance": 45,
    "items": [
      {
        "id": 13,
        "name": "Mjolnir - The Hammer of the Gods",
        "price": 95
      },
      {
        "id": "90",
        "name": "Vibranium Shield (Lightly Used.)",
        "price": 55
      }
    ]
  },
  {
    "user_name": "spidey616",
    "name": "Tom Holland",
    "balance": 0,
    "items": [
      {
        "id": 52,
        "name": "Iron Spider Suit",
        "price": 50
      }
    ]
  }
]